User_ID,Product_ID,Rating,Purchase_Count,Region_Code,Device_Type,Session_Length,Discount_Used,Return_Flag,Review
1,668,3,13,47,Mobile,46,1,1,support quality poor average fantastic bad
2,268,1,16,14,Web,91,1,1,support service fantastic bad quality product
3,821,3,14,45,Mobile,98,1,1,value design quality service support experience
4,544,4,16,15,Mobile,13,1,0,performance service fantastic excellent bad average
5,637,5,5,49,Mobile,31,0,0,excellent average poor design value quality
6,484,3,14,49,Mobile,88,1,0,poor product bad price service excellent
7,784,5,11,21,Mobile,251,1,1,experience excellent bad support fantastic average
8,866,2,3,44,Mobile,177,0,1,product quality support service fantastic poor
9,343,3,14,43,Mobile,193,1,0,support product delivery excellent quality service
10,606,1,13,47,Web,62,0,1,average experience poor fantastic quality design
11,644,1,20,17,Web,79,0,1,fantastic bad value excellent delivery quality
12,663,1,12,47,Web,12,1,0,service bad design experience quality product
13,797,4,17,44,Mobile,117,0,0,average design product fantastic support delivery
14,309,2,20,38,Web,73,0,0,quality bad product price excellent fantastic
15,702,4,9,19,Mobile,135,1,0,delivery product poor price support bad
16,393,2,13,17,Web,182,1,1,support bad product experience performance fantastic
17,867,2,8,43,Web,82,0,0,design experience value fantastic delivery support
18,250,2,13,8,Mobile,204,1,0,performance average excellent service poor quality
19,657,1,8,18,Mobile,48,1,1,support experience delivery value quality performance
20,574,4,9,33,Mobile,254,0,0,support average quality bad excellent experience
21,791,1,15,35,Mobile,130,1,1,experience design bad excellent support product
22,560,1,14,28,Web,30,1,0,product excellent performance delivery fantastic value
23,533,1,12,19,Mobile,84,0,0,support experience delivery poor excellent price
24,234,5,14,22,Mobile,67,1,1,performance product excellent quality average delivery
25,773,3,14,10,Mobile,152,0,0,support design quality value product delivery
26,930,3,10,27,Mobile,25,1,1,service poor delivery average support product
27,156,4,16,24,Web,48,1,1,design excellent bad poor average value
28,547,4,18,10,Mobile,15,0,1,price value design delivery experience quality
29,337,3,8,41,Web,218,1,1,poor average bad performance delivery product
30,377,5,16,26,Mobile,111,1,1,experience average bad service excellent design
31,121,4,5,17,Mobile,262,0,0,design product excellent support quality delivery
32,515,2,10,47,Mobile,93,1,0,product fantastic design quality price poor
33,531,4,19,46,Web,77,1,1,performance quality product value poor excellent
34,242,3,15,4,Mobile,230,1,1,product price service delivery experience excellent
35,353,4,1,38,Mobile,110,1,1,value price service bad product average
36,725,2,9,37,Web,286,0,0,product fantastic design poor average value
37,749,4,1,19,Mobile,46,0,1,price performance average service fantastic experience
38,303,4,2,45,Web,166,0,0,fantastic poor experience delivery excellent performance
39,283,3,13,17,Mobile,75,1,0,product performance delivery average experience fantastic
40,668,2,11,35,Web,230,1,1,quality performance service design average price
41,111,1,16,17,Mobile,98,0,0,poor performance excellent fantastic average price
42,233,2,13,6,Web,24,0,0,bad poor performance service value support
43,150,3,9,47,Mobile,196,0,0,service support experience price bad quality
44,692,4,9,31,Web,242,0,0,bad price fantastic average service delivery
45,225,2,5,35,Mobile,197,1,0,fantastic bad support value experience design
46,617,4,18,36,Web,108,1,1,fantastic delivery average service bad performance
47,380,4,6,29,Web,72,1,0,price fantastic service bad average support
48,808,5,3,38,Mobile,134,0,1,design service performance bad average delivery
49,101,5,4,18,Mobile,271,1,0,experience fantastic average support bad design
50,934,3,6,50,Mobile,10,0,1,support experience bad product quality service
51,659,4,15,29,Mobile,161,0,0,bad performance delivery value experience fantastic
52,329,2,14,29,Web,37,0,0,poor bad design value performance quality
53,256,1,3,30,Mobile,105,0,1,excellent design quality poor delivery value
54,754,4,9,16,Mobile,205,1,0,performance design price fantastic experience excellent
55,282,5,17,28,Mobile,119,1,0,support poor bad excellent design delivery
56,369,4,10,26,Mobile,115,1,0,design product fantastic performance poor excellent
57,902,3,20,37,Mobile,31,1,0,bad design fantastic support experience excellent
58,932,2,18,31,Web,245,1,0,delivery support design excellent fantastic service
59,694,3,4,13,Mobile,173,0,1,poor average design excellent value fantastic
60,538,5,7,30,Mobile,124,1,0,experience poor delivery average service fantastic
61,677,5,16,46,Mobile,41,0,1,product excellent performance delivery poor support
62,109,1,7,46,Mobile,78,0,0,average performance design product value delivery
63,198,3,8,29,Mobile,135,0,1,average poor fantastic excellent price product
64,519,1,9,28,Web,236,1,1,average experience price quality fantastic support
65,419,3,1,2,Mobile,277,1,1,quality performance poor delivery price service
66,273,5,14,24,Web,150,1,0,excellent quality support average bad delivery
67,810,4,1,26,Web,244,1,1,service experience design price excellent quality
68,864,4,14,25,Web,186,1,0,service average experience fantastic price support
69,351,2,6,34,Mobile,226,1,1,quality experience product delivery design performance
70,828,2,13,46,Web,83,1,1,quality value support product average experience
71,847,5,1,29,Web,142,1,1,poor service excellent fantastic quality experience
72,484,2,7,29,Web,246,1,1,value support design product quality fantastic
73,453,1,20,9,Web,199,1,0,service poor fantastic value design product
74,758,1,13,44,Web,250,0,0,excellent fantastic value performance experience service
75,782,5,11,32,Web,267,0,1,average design value experience excellent delivery
76,406,2,9,12,Mobile,292,0,1,support average quality delivery bad design
77,224,5,9,28,Web,253,0,0,price average fantastic experience service value
78,511,4,15,9,Web,39,0,1,quality product average bad support excellent
79,247,2,7,2,Web,117,0,1,fantastic quality performance poor service bad
80,626,5,6,6,Web,50,0,0,experience price performance service bad value
81,829,1,20,40,Mobile,196,0,0,performance support poor excellent fantastic value
82,126,2,4,26,Web,95,1,1,quality experience support fantastic product service
83,196,3,12,37,Web,45,0,1,product support value performance fantastic design
84,889,2,7,18,Web,121,0,0,delivery performance excellent fantastic product bad
85,403,3,10,2,Web,110,0,1,value product delivery experience price excellent
86,323,5,12,14,Web,60,0,1,performance support service design quality value
87,945,1,9,16,Web,270,1,1,price performance experience delivery service average
88,446,1,17,7,Mobile,226,1,1,average experience bad delivery excellent service
89,690,4,5,14,Mobile,289,1,0,product value delivery poor price service
90,315,4,7,37,Web,106,0,1,design excellent average experience delivery product
91,917,1,6,28,Mobile,116,1,1,experience average design performance price poor
92,796,2,8,4,Web,142,1,0,value performance price poor average delivery
93,486,5,5,47,Web,62,0,0,value poor fantastic experience delivery service
94,301,5,9,30,Mobile,200,0,0,service design bad average performance value
95,498,4,19,8,Web,201,0,0,average delivery product experience design performance
96,628,3,10,40,Web,178,1,0,price bad support service poor value
97,281,5,16,15,Web,290,1,0,excellent product price poor service support
98,846,5,2,48,Web,155,0,0,quality service experience average poor performance
99,484,4,19,50,Mobile,173,1,1,price bad average excellent support value
100,158,1,19,14,Mobile,151,0,1,support design price fantastic average value
101,129,3,20,5,Web,58,1,1,average experience quality service support poor
102,187,2,7,32,Web,284,0,0,design service price support performance value
103,864,1,3,15,Web,216,0,1,service performance product support design experience
104,623,2,10,25,Web,36,0,0,support performance delivery service value quality
105,508,5,11,1,Mobile,181,1,1,quality value design excellent price fantastic
106,837,1,9,21,Mobile,300,1,1,product experience average support value poor
107,385,4,15,5,Web,206,1,1,delivery experience excellent service poor product
108,923,5,14,50,Mobile,247,0,0,design support average experience bad quality
109,147,2,19,37,Web,296,1,1,service average design fantastic value product
110,955,3,16,8,Mobile,31,0,0,design value experience product price bad
111,243,5,12,25,Mobile,274,1,1,design poor service quality performance value
112,621,1,9,12,Web,57,0,1,experience fantastic service bad value design
113,433,1,5,23,Mobile,231,1,0,quality poor delivery fantastic value design
114,217,3,1,19,Mobile,143,1,0,design quality bad poor product performance
115,673,3,13,10,Mobile,267,0,1,bad average value design support performance
116,492,2,1,24,Web,3,0,1,performance support price bad design experience
117,621,3,2,28,Mobile,124,1,0,performance average delivery value quality bad
118,901,1,11,13,Web,186,1,0,support value service design performance price
119,699,1,12,20,Web,61,1,1,excellent bad experience design price poor
120,787,3,13,31,Mobile,230,0,1,support quality fantastic excellent average design
121,396,1,11,8,Web,197,1,0,value support poor design excellent product
122,369,3,6,3,Web,16,0,1,fantastic support product average quality price
123,260,5,14,10,Web,58,1,1,product design performance quality bad delivery
124,518,2,3,22,Mobile,263,0,1,poor fantastic design support quality bad
125,164,3,16,13,Mobile,266,1,0,performance poor service design excellent support
126,228,3,5,7,Mobile,47,0,0,service product average design delivery bad
127,459,5,19,6,Web,98,1,0,performance poor price fantastic excellent delivery
128,800,2,12,19,Mobile,138,1,0,excellent quality service poor support design
129,646,2,20,38,Web,8,1,0,fantastic price experience bad design support
130,655,1,12,14,Web,226,0,1,quality poor average bad design fantastic
131,826,3,16,4,Web,249,1,1,delivery value support product experience design
132,766,3,9,21,Mobile,66,0,0,average excellent performance bad delivery quality
133,744,3,20,31,Mobile,250,1,0,delivery price service quality product performance
134,166,2,9,36,Web,240,1,0,delivery product poor quality performance experience
135,249,5,18,2,Web,181,0,1,poor experience fantastic performance price excellent
136,585,3,19,45,Web,295,1,1,poor performance design product fantastic delivery
137,809,5,11,38,Mobile,226,1,1,product delivery experience quality average service
138,921,4,20,35,Web,247,1,1,performance price experience service excellent fantastic
139,573,1,18,6,Web,290,1,0,value delivery bad product average performance
140,733,1,10,30,Web,180,0,1,fantastic design value bad poor performance
141,100,4,9,33,Mobile,4,1,1,support price experience excellent average bad
142,451,5,17,48,Web,185,1,0,value fantastic average quality performance experience
143,636,1,12,10,Web,230,1,0,fantastic support product excellent experience performance
144,255,5,12,46,Web,196,1,0,service quality design price product performance
145,731,5,10,8,Web,161,1,1,experience performance poor product bad service
146,344,5,3,16,Mobile,54,1,0,delivery price support quality product experience
147,648,1,5,21,Mobile,88,0,1,product delivery performance quality experience support
148,445,1,9,48,Mobile,294,0,1,service bad poor excellent average product
149,950,5,6,45,Mobile,206,0,1,value experience delivery product service poor
150,131,4,12,12,Web,180,0,1,poor performance excellent delivery quality product
151,518,3,5,33,Web,229,1,1,poor bad price support fantastic average
152,859,1,14,32,Web,270,1,0,experience performance poor delivery design service
153,759,5,5,25,Mobile,295,1,0,design service poor bad price experience
154,968,4,12,47,Web,218,1,1,average value experience fantastic service support
155,486,4,9,19,Web,227,1,0,service delivery fantastic excellent quality price
156,684,4,17,23,Mobile,115,1,1,excellent service design support product quality
157,607,1,18,29,Web,10,1,1,support design service quality price fantastic
158,642,3,5,22,Web,135,0,1,design fantastic excellent poor quality average
159,728,3,5,14,Web,215,1,1,bad performance average service fantastic excellent
160,568,4,1,3,Web,176,1,0,quality bad service value fantastic product
161,460,5,10,11,Web,154,1,1,service price experience product support quality
162,666,4,16,27,Mobile,117,1,1,product excellent performance quality service value
163,684,5,15,29,Mobile,23,0,0,product fantastic average bad design support
164,631,4,13,39,Mobile,128,0,1,product quality bad price design service
165,208,3,13,18,Web,150,0,0,delivery experience value average performance price
166,426,4,15,16,Mobile,36,0,1,quality value price support bad performance
167,381,3,1,30,Web,194,1,1,experience product average excellent performance delivery
168,419,2,1,18,Mobile,187,1,1,excellent delivery bad support product quality
169,152,1,5,6,Mobile,126,1,1,service excellent support fantastic value design
170,645,4,20,15,Web,257,0,0,average performance delivery experience fantastic quality
171,472,2,11,1,Web,92,1,1,price experience fantastic performance product delivery
172,936,2,12,48,Web,181,0,0,quality excellent value product average poor
173,943,3,9,30,Web,42,0,0,performance design delivery excellent fantastic quality
174,492,1,14,43,Mobile,191,1,0,price design support excellent poor performance
175,529,1,1,4,Web,215,1,1,design quality product service excellent bad
176,510,4,5,44,Mobile,17,1,0,bad service delivery poor support price
177,323,5,6,37,Web,164,1,0,experience product fantastic delivery price average
178,879,3,10,23,Web,224,0,1,support performance experience delivery design price
179,238,1,3,44,Web,235,0,1,price average performance delivery poor experience
180,701,4,3,8,Web,7,0,0,quality poor delivery performance product price
181,547,5,5,49,Web,271,1,1,quality poor delivery average experience price
182,862,3,3,10,Web,54,0,1,design value price performance poor quality
183,481,4,19,5,Mobile,246,0,1,design average excellent product service performance
184,334,3,7,37,Web,75,0,1,value bad price fantastic experience performance
185,683,1,20,41,Web,27,0,0,design service performance delivery price bad
186,448,2,14,34,Mobile,266,0,0,delivery design value bad excellent average
187,439,2,20,29,Mobile,34,1,0,excellent product poor support experience average
188,291,4,14,49,Mobile,217,1,1,poor excellent design bad support delivery
189,711,2,16,43,Mobile,220,0,1,price delivery quality performance excellent value
190,346,2,13,15,Web,216,0,1,excellent design delivery value average poor
191,929,2,15,30,Web,292,1,1,support performance service experience average excellent
192,166,2,16,36,Mobile,78,1,0,performance delivery design excellent product bad
193,564,3,14,44,Web,82,0,0,experience design poor bad product quality
194,371,4,5,11,Web,44,0,1,excellent delivery poor design price performance
195,406,5,10,25,Web,266,1,0,quality product poor value excellent bad
196,180,3,12,24,Mobile,209,1,1,delivery service value design excellent average
197,989,2,9,11,Web,206,0,1,experience delivery excellent product design quality
198,727,1,11,47,Mobile,226,0,0,excellent quality bad price average delivery
199,242,5,3,39,Web,39,1,1,quality poor value support excellent design
200,407,4,1,14,Mobile,283,1,0,excellent value bad price poor experience
201,258,2,2,27,Web,12,1,0,price excellent bad product delivery quality
202,680,3,6,30,Mobile,254,1,1,support product fantastic price bad design
203,853,2,4,4,Mobile,197,0,0,delivery excellent product service poor fantastic
204,240,3,6,45,Web,19,0,0,average design fantastic poor service price
205,938,5,16,12,Web,239,1,0,fantastic quality delivery price excellent product
206,466,2,1,10,Web,150,1,1,quality price excellent bad fantastic delivery
207,623,3,15,46,Mobile,300,0,1,poor fantastic bad product quality experience
208,893,3,2,35,Mobile,248,0,0,poor quality price product excellent fantastic
209,798,2,9,31,Web,80,0,1,service excellent value bad average fantastic
210,670,2,6,3,Mobile,132,1,0,fantastic design value average price quality
211,735,5,4,8,Mobile,149,0,0,service quality delivery bad product average
212,707,2,10,18,Mobile,203,0,1,value support product bad price average
213,212,1,11,28,Mobile,202,1,0,quality delivery average design bad product
214,190,2,7,45,Web,88,1,0,performance design fantastic support quality excellent
215,365,4,7,16,Web,244,1,0,support performance design fantastic value price
216,824,2,4,38,Mobile,10,1,0,price quality fantastic excellent support experience
217,866,4,6,43,Mobile,109,0,1,fantastic average product experience value price
218,367,2,18,49,Web,155,1,0,bad value service performance fantastic experience
219,384,5,10,18,Web,235,0,1,bad design product delivery support service
220,335,2,19,14,Mobile,233,1,0,excellent fantastic poor value performance product
221,770,4,17,39,Mobile,114,0,0,performance value delivery support price excellent
222,410,2,17,39,Web,157,1,0,fantastic quality product value excellent bad
223,608,2,5,17,Mobile,79,1,1,product service quality excellent experience bad
224,798,2,11,35,Mobile,249,1,1,excellent performance product fantastic quality delivery
225,407,1,11,24,Mobile,192,1,1,experience performance delivery product value fantastic
226,843,3,1,32,Mobile,187,1,1,fantastic performance design product price service
227,978,1,13,36,Mobile,96,0,1,fantastic poor price design average experience
228,888,5,20,29,Mobile,139,0,1,average product price service poor delivery
229,975,5,18,26,Web,124,0,1,value price delivery support design experience
230,289,4,6,21,Mobile,70,1,1,performance support experience fantastic bad product
231,854,4,11,41,Web,197,0,1,experience product price bad poor average
232,462,5,19,26,Mobile,148,1,1,quality bad support design poor performance
233,756,5,11,40,Web,151,0,0,fantastic service quality product bad delivery
234,677,3,2,44,Mobile,110,0,0,experience product value design support service
235,553,3,16,3,Web,60,1,0,design poor delivery experience product quality
236,939,3,7,23,Mobile,214,0,0,bad fantastic quality experience performance poor
237,940,5,12,3,Web,295,1,0,bad design poor average excellent delivery
238,620,4,5,4,Mobile,104,1,0,product experience average delivery poor value
239,246,5,2,2,Web,179,0,1,support bad service experience fantastic design
240,411,2,10,16,Web,276,1,1,delivery bad support fantastic experience performance
241,207,1,8,23,Mobile,261,1,0,performance quality bad poor experience delivery
242,672,1,13,29,Mobile,141,0,0,product excellent bad delivery experience price
243,852,4,12,16,Web,173,1,1,poor service design fantastic quality bad
244,769,2,19,16,Web,227,1,0,value excellent design quality average delivery
245,574,3,5,50,Mobile,155,0,0,experience service delivery performance poor quality
246,658,2,18,10,Web,125,0,0,excellent value service performance delivery experience
247,170,3,17,30,Web,275,1,1,average poor service delivery bad fantastic
248,502,5,19,42,Mobile,114,0,1,poor performance delivery product price bad
249,802,5,16,11,Web,188,1,1,performance service delivery support fantastic product
250,675,3,7,45,Mobile,134,0,0,poor price performance bad delivery value
251,267,1,13,41,Web,172,0,1,fantastic price value performance excellent quality
252,228,3,19,24,Web,215,1,1,fantastic poor service excellent delivery quality
253,568,1,17,10,Web,35,1,0,experience design value average poor bad
254,128,5,1,27,Web,65,1,0,design delivery excellent poor performance experience
255,449,5,19,39,Web,30,0,0,support experience value performance poor delivery
256,477,5,15,20,Mobile,273,1,0,support design fantastic experience delivery quality
257,420,5,5,9,Web,297,1,1,delivery value service product average experience
258,424,3,8,42,Web,113,0,1,service bad design delivery excellent product
259,628,5,18,25,Mobile,198,0,1,performance poor design average service fantastic
260,245,1,16,37,Mobile,251,1,0,value service quality design poor price
261,291,1,16,25,Web,134,0,1,excellent value bad experience quality performance
262,552,4,17,37,Web,119,0,0,performance excellent bad quality price poor
263,404,5,4,28,Mobile,259,1,0,experience poor bad quality fantastic excellent
264,437,3,5,24,Web,245,0,0,average excellent quality experience price value
265,235,4,1,37,Web,19,1,0,price poor support service performance product
266,788,1,4,31,Mobile,101,0,1,experience bad delivery service performance fantastic
267,791,5,2,15,Web,166,1,1,value excellent design average fantastic performance
268,952,5,18,32,Mobile,229,1,1,product value excellent fantastic design price
269,436,1,13,45,Mobile,12,0,1,quality performance service excellent fantastic experience
270,753,5,16,38,Web,229,1,1,support average value delivery quality product
271,993,3,15,49,Web,113,1,0,delivery bad design performance excellent quality
272,191,2,3,36,Mobile,140,0,1,excellent design product performance service experience
273,738,2,9,1,Web,284,0,0,value excellent fantastic support product bad
274,697,1,5,10,Web,131,1,1,service excellent fantastic product quality poor
275,639,2,17,16,Web,165,0,1,excellent service average quality support fantastic
276,851,1,3,20,Web,92,1,0,price poor performance delivery quality average
277,658,1,20,23,Web,11,1,1,price fantastic bad performance experience value
278,987,3,20,6,Mobile,197,0,0,product bad performance design delivery average
279,727,5,12,36,Web,241,1,0,price bad quality delivery average product
280,651,5,4,12,Mobile,297,0,0,excellent quality design product fantastic experience
281,800,2,14,3,Mobile,27,1,1,support quality delivery performance product excellent
282,862,5,17,14,Mobile,147,1,1,support design quality poor average performance
283,202,2,6,17,Web,43,1,0,quality performance price bad excellent value
284,951,2,2,37,Web,64,0,0,bad value excellent experience poor quality
285,384,1,8,35,Web,14,1,0,fantastic excellent product quality value delivery
286,803,2,7,19,Mobile,108,1,1,performance value poor service experience product
287,823,5,20,13,Web,280,1,1,experience price service fantastic performance bad
288,917,4,14,34,Web,223,1,1,bad price experience design product poor
289,354,5,4,36,Mobile,226,0,1,product value quality bad experience fantastic
290,140,3,10,27,Mobile,292,0,1,product value quality support performance fantastic
291,403,2,15,28,Mobile,202,1,0,fantastic product design support average service
292,557,3,10,14,Mobile,106,0,1,poor value experience bad delivery fantastic
293,402,1,4,39,Mobile,232,1,1,excellent design support bad experience fantastic
294,495,5,6,33,Web,288,0,0,design experience value support delivery service
295,128,2,16,1,Mobile,272,1,0,price experience product poor fantastic value
296,941,1,10,8,Web,84,1,1,excellent support poor value average quality
297,416,1,20,35,Mobile,69,0,0,experience quality value design service fantastic
298,144,4,1,10,Web,7,0,0,value service excellent poor fantastic quality
299,493,2,11,36,Web,168,0,0,support excellent experience delivery average service
300,995,2,9,18,Mobile,87,1,0,poor excellent product support quality price
301,490,4,9,12,Web,63,1,0,delivery product average performance quality service
302,163,3,1,9,Web,40,0,1,bad quality value fantastic service design
303,568,4,3,17,Mobile,26,1,0,product quality fantastic performance bad average
304,944,3,20,36,Web,157,1,0,product service fantastic poor value design
305,645,5,8,9,Mobile,112,1,1,quality performance price design average support
306,290,1,5,18,Web,89,1,1,service performance poor quality support delivery
307,470,2,3,42,Mobile,99,1,0,value support product price quality bad
308,747,5,11,38,Web,216,1,0,delivery poor average design bad value
309,556,3,9,15,Mobile,240,1,0,experience performance poor excellent price quality
310,433,2,20,41,Mobile,252,0,1,average fantastic product poor design bad
311,168,3,19,33,Mobile,99,1,1,price performance excellent product support experience
312,515,3,1,46,Web,295,1,0,support value product delivery performance fantastic
313,204,1,8,2,Web,42,0,0,performance fantastic poor quality experience average
314,467,3,4,13,Web,278,0,0,poor average quality fantastic price delivery
315,683,4,4,15,Web,127,0,0,support delivery service performance design average
316,134,2,18,11,Mobile,179,0,1,product value fantastic bad poor performance
317,846,4,8,11,Mobile,138,0,1,product fantastic performance excellent service price
318,358,4,9,20,Web,183,1,1,support price delivery value bad performance
319,713,4,20,33,Web,97,0,0,experience service delivery product price quality
320,601,4,20,44,Web,43,0,0,price average poor product quality performance
321,296,1,16,7,Web,75,1,1,support performance poor price delivery experience
322,695,4,13,30,Web,279,0,0,design product average experience service fantastic
323,691,3,10,39,Mobile,259,0,0,service design excellent performance product quality
324,967,1,7,36,Mobile,238,0,1,product service price poor design performance
325,553,4,14,22,Mobile,145,0,1,performance delivery fantastic poor design product
326,823,3,4,30,Web,281,1,1,performance design bad value experience excellent
327,796,2,17,25,Web,185,1,0,excellent design experience quality delivery fantastic
328,972,3,20,33,Mobile,60,1,1,quality experience support fantastic average value
329,218,4,1,50,Mobile,270,0,0,product average price support performance fantastic
330,559,1,6,1,Mobile,179,0,1,experience delivery excellent service performance bad
331,650,5,15,32,Mobile,100,1,1,quality delivery design price poor fantastic
332,123,2,4,43,Mobile,290,0,0,price fantastic bad excellent value performance
333,302,2,14,14,Web,244,1,0,excellent product bad delivery support performance
334,385,3,12,15,Mobile,260,0,0,support performance poor bad value service
335,420,2,20,48,Mobile,253,1,0,bad average value design performance excellent
336,471,5,19,48,Web,71,1,0,average poor design excellent price delivery
337,177,4,15,31,Mobile,47,1,0,price experience fantastic poor design bad
338,577,1,8,12,Mobile,250,0,1,product performance average experience value poor
339,556,3,17,35,Mobile,165,1,0,average delivery excellent product quality poor
340,634,4,14,20,Web,205,0,1,poor support design quality excellent value
341,746,1,12,25,Web,265,0,1,product bad service experience quality performance
342,429,5,10,6,Web,116,0,0,poor service excellent bad price fantastic
343,597,5,2,15,Web,79,1,0,product value support price fantastic design
344,398,3,7,5,Mobile,50,1,0,poor fantastic experience bad support design
345,997,2,17,3,Web,72,0,1,performance value poor excellent price average
346,837,3,5,42,Web,183,0,0,performance quality value support average delivery
347,710,5,12,48,Web,67,1,1,experience poor design bad value support
348,402,5,15,37,Web,226,1,1,support service performance price fantastic bad
349,721,2,4,49,Mobile,10,1,0,delivery excellent value poor performance design
350,146,4,17,50,Mobile,187,0,0,experience average design price bad quality
351,924,4,3,31,Mobile,117,0,1,value performance price delivery design poor
352,338,1,14,24,Mobile,115,1,1,experience service quality excellent support price
353,937,3,8,30,Web,118,1,1,experience bad performance value design price
354,733,4,6,9,Web,207,0,0,support excellent service delivery price product
355,341,5,17,11,Mobile,287,1,1,value performance price support average quality
356,631,2,18,17,Mobile,195,0,1,delivery bad experience excellent fantastic value
357,227,3,8,44,Mobile,160,0,0,product support average price poor performance
358,330,2,14,6,Web,37,0,1,product average support fantastic excellent design
359,631,3,16,23,Web,46,0,0,quality bad excellent performance fantastic price
360,267,3,5,32,Web,10,1,0,product delivery quality poor performance excellent
361,823,1,6,38,Mobile,150,1,0,bad value service experience poor excellent
362,227,3,3,29,Mobile,85,0,1,excellent fantastic average price delivery service
363,362,4,18,49,Mobile,234,0,1,support value service average bad performance
364,740,1,13,15,Mobile,47,1,0,product bad delivery fantastic experience performance
365,194,4,17,14,Mobile,188,1,1,bad service experience average excellent product
366,490,4,15,44,Web,17,1,1,performance product design quality fantastic value
367,379,3,15,30,Web,11,1,1,quality product fantastic excellent experience service
368,331,2,5,15,Web,194,0,1,support product performance quality service design
369,545,1,17,10,Mobile,293,0,0,price bad average support delivery value
370,203,4,12,34,Mobile,137,0,1,performance design service bad quality poor
371,132,5,11,14,Web,103,0,0,product price bad design average delivery
372,389,2,5,8,Web,1,0,1,fantastic design excellent quality performance product
373,391,3,15,12,Mobile,174,0,0,average experience performance value fantastic support
374,163,1,9,25,Mobile,221,1,0,experience poor support product design delivery
375,192,5,5,45,Web,244,1,1,performance support product experience poor value
376,727,1,9,23,Web,288,0,1,product price bad poor support excellent
377,654,4,11,48,Mobile,298,0,0,excellent delivery value fantastic design service
378,756,1,12,19,Mobile,80,1,0,poor bad price support value fantastic
379,372,3,6,26,Web,252,0,0,bad experience performance average delivery poor
380,499,5,13,46,Mobile,259,0,0,experience support product excellent value bad
381,550,2,14,49,Web,170,0,0,average bad experience value support price
382,355,5,5,33,Mobile,115,0,1,design service quality performance fantastic bad
383,819,1,11,47,Web,198,1,1,design average product service delivery support
384,426,1,11,44,Web,80,1,1,average performance excellent value price delivery
385,178,2,20,17,Web,256,0,1,service design fantastic quality delivery support
386,558,2,16,41,Mobile,103,1,1,design excellent product poor experience average
387,732,1,13,13,Web,244,0,0,delivery price bad value poor quality
388,111,5,2,6,Web,106,0,1,product value quality experience fantastic service
389,851,3,3,3,Mobile,228,0,0,service support performance bad quality value
390,628,2,13,34,Mobile,5,0,0,experience service average support fantastic design
391,711,1,6,48,Mobile,113,0,1,value excellent experience fantastic poor support
392,985,2,11,13,Web,54,1,1,excellent support bad average fantastic poor
393,564,1,20,24,Web,183,1,0,performance average delivery fantastic bad value
394,292,2,5,46,Mobile,118,1,1,delivery performance value experience price service
395,160,3,14,19,Web,261,0,1,quality product price average design delivery
396,345,1,20,16,Web,284,0,1,poor service average support price delivery
397,472,4,5,13,Mobile,193,0,1,experience poor price fantastic excellent value
398,550,4,6,45,Web,138,0,0,experience value delivery excellent design bad
399,511,2,18,50,Web,174,0,1,value fantastic bad poor price product
400,548,5,9,29,Web,18,1,1,delivery price service average performance poor
401,934,3,5,3,Mobile,182,0,0,product excellent price poor support average
402,907,5,11,33,Web,97,1,0,quality performance price bad fantastic product
403,791,5,20,4,Web,266,0,1,poor excellent experience delivery quality service
404,531,5,17,18,Mobile,17,0,0,product average delivery service price experience
405,567,4,14,10,Web,155,1,0,support design product fantastic quality excellent
406,958,2,11,13,Mobile,170,1,0,experience delivery price support bad product
407,350,3,5,9,Mobile,138,0,0,bad quality poor fantastic service average
408,125,2,6,29,Mobile,275,1,1,support average bad design poor service
409,576,3,13,17,Web,196,0,0,bad fantastic price average excellent poor
410,655,5,18,30,Mobile,54,1,1,experience product performance support poor value
411,321,1,13,49,Mobile,277,1,0,experience delivery value price product design
412,733,1,1,13,Web,105,1,0,product service performance bad quality experience
413,713,1,16,41,Web,119,1,1,average delivery value bad poor price
414,824,4,13,44,Mobile,232,1,0,bad service experience fantastic value poor
415,615,1,15,13,Web,102,1,1,fantastic value price delivery service product
416,385,5,14,44,Web,195,1,0,service average price bad quality delivery
417,267,2,18,37,Web,176,0,0,fantastic price product excellent value quality
418,261,2,11,35,Web,224,1,1,product average design poor price support
419,395,4,20,24,Mobile,78,1,0,price fantastic value support average experience
420,710,1,20,49,Mobile,39,1,1,service value excellent price performance bad
421,929,2,2,4,Web,185,1,1,service product bad price fantastic poor
422,674,2,16,35,Web,297,1,0,price product bad experience average performance
423,644,5,12,5,Mobile,194,0,0,price product excellent poor average support
424,329,1,18,18,Mobile,186,1,0,experience excellent support average price value
425,288,4,7,31,Mobile,160,1,0,delivery poor bad support service price
426,989,2,6,16,Web,203,0,0,average price excellent fantastic performance service
427,918,4,18,33,Web,59,1,1,service excellent quality support fantastic bad
428,356,5,2,25,Web,157,0,0,poor product support bad performance design
429,590,4,15,27,Mobile,3,1,0,delivery support design average service experience
430,898,4,3,47,Mobile,216,1,0,price average fantastic delivery value design
431,307,4,14,15,Web,202,0,0,experience poor fantastic excellent performance product
432,443,5,4,45,Mobile,30,1,0,design experience fantastic service value performance
433,920,4,12,50,Mobile,247,0,0,average bad value performance delivery poor
434,120,3,4,5,Web,144,1,1,product service fantastic excellent support price
435,911,3,20,12,Web,94,1,0,quality average poor service excellent performance
436,411,1,19,22,Mobile,235,0,1,service price support average value excellent
437,871,1,13,40,Mobile,66,0,0,value product service excellent experience delivery
438,943,2,1,33,Web,15,1,1,service performance quality poor delivery product
439,651,2,10,8,Mobile,284,1,1,poor price service fantastic design experience
440,847,3,5,38,Mobile,250,1,1,fantastic poor support excellent delivery product
441,964,2,1,42,Mobile,189,1,0,poor quality value price support service
442,988,1,8,49,Mobile,285,0,0,performance delivery service bad excellent quality
443,375,4,14,10,Mobile,95,1,1,poor product bad fantastic quality average
444,704,4,18,32,Web,77,1,0,performance experience average poor delivery support
445,103,1,14,35,Mobile,166,1,1,product price performance quality value bad
446,339,1,16,8,Web,199,0,0,average quality service performance design experience
447,103,3,7,1,Mobile,52,0,0,bad product average delivery performance experience
448,619,2,1,14,Mobile,287,0,1,delivery performance bad average value design
449,828,5,1,49,Mobile,65,1,1,average price performance bad fantastic support
450,757,4,14,39,Web,251,1,0,poor average bad design support experience
451,354,2,3,17,Web,166,1,0,support service price excellent product design
452,486,1,3,16,Mobile,140,0,1,price experience value service bad support
453,923,2,8,45,Web,5,1,0,quality bad delivery product design service
454,369,2,16,43,Web,275,0,1,fantastic bad excellent quality performance support
455,391,2,17,23,Web,93,0,1,experience fantastic performance quality bad price
456,596,5,11,40,Mobile,198,1,1,support delivery experience bad design fantastic
457,336,5,11,50,Web,259,1,0,service quality excellent product performance fantastic
458,571,1,19,37,Mobile,185,0,1,price poor design delivery service fantastic
459,312,1,7,37,Web,214,1,1,excellent quality poor product performance value
460,162,5,18,34,Web,7,0,0,quality bad excellent average design price
461,431,1,1,4,Mobile,187,0,0,price average quality value excellent performance
462,248,4,9,15,Web,49,1,0,average experience product price excellent performance
463,690,3,1,17,Mobile,222,1,0,support bad poor design excellent fantastic
464,416,5,3,2,Web,257,1,0,fantastic design delivery support service product
465,618,3,18,3,Mobile,78,0,0,delivery price fantastic performance poor service
466,150,4,14,48,Mobile,197,1,1,delivery service quality value experience design
467,932,4,2,5,Web,208,1,0,poor average delivery support price fantastic
468,514,1,2,9,Web,77,0,0,product excellent average experience quality support
469,522,4,7,46,Web,111,1,1,fantastic performance experience design product delivery
470,184,5,19,46,Mobile,66,0,0,product quality price average experience excellent
471,803,5,13,19,Web,130,1,0,delivery support service fantastic average experience
472,806,3,10,11,Mobile,212,1,1,excellent fantastic experience bad product performance
473,113,4,16,15,Mobile,87,0,1,service excellent design value fantastic support
474,843,5,16,15,Web,202,0,0,quality product bad support service value
475,859,4,1,25,Mobile,198,1,0,design price quality experience fantastic delivery
476,956,3,4,15,Web,172,1,1,experience support delivery product quality value
477,983,1,9,3,Mobile,251,1,0,bad product average poor quality support
478,128,4,5,28,Mobile,262,0,1,poor price service quality average bad
479,873,2,2,4,Web,37,1,0,quality average performance fantastic bad value
480,349,1,16,30,Mobile,154,1,0,value bad design price quality fantastic
481,569,5,16,32,Mobile,131,1,1,quality value design price performance product
482,455,2,4,39,Mobile,283,0,0,price fantastic poor bad experience delivery
483,661,1,1,3,Mobile,179,0,1,excellent price product quality average experience
484,621,3,4,42,Web,38,0,1,delivery experience average quality support price
485,672,5,17,6,Mobile,192,0,1,performance price support design product fantastic
486,710,2,7,21,Web,286,0,0,design fantastic experience product performance poor
487,731,3,17,19,Mobile,235,1,0,delivery support average value performance product
488,254,2,5,46,Mobile,145,0,1,fantastic bad performance excellent poor design
489,189,1,6,27,Mobile,43,0,0,poor product experience support price excellent
490,460,2,6,45,Mobile,261,0,1,experience average quality price delivery value
491,173,4,16,41,Mobile,236,0,1,excellent value average fantastic product experience
492,513,4,6,10,Mobile,65,1,0,quality service support performance experience design
493,206,1,6,17,Web,35,1,1,service poor bad price quality design
494,943,2,5,8,Web,146,0,0,fantastic product experience average poor design
495,265,5,4,50,Web,126,1,1,experience design value performance poor bad
496,466,5,4,48,Web,118,1,0,delivery excellent quality value service average
497,705,4,12,20,Web,60,1,0,bad excellent support delivery poor price
498,275,3,15,25,Web,258,0,0,quality support fantastic delivery experience poor
499,532,3,16,4,Web,179,0,1,poor bad service average product fantastic
500,307,4,10,43,Web,38,0,0,poor product experience performance fantastic delivery
501,982,1,1,37,Web,131,0,0,average price poor bad fantastic performance
502,657,1,18,1,Web,194,1,1,experience product service value quality fantastic
503,345,1,20,10,Web,282,0,0,support price bad product experience value
504,482,4,11,18,Mobile,66,1,0,value excellent support product delivery service
505,199,2,4,47,Mobile,224,0,0,fantastic poor price quality average performance
506,832,3,5,23,Web,13,0,0,delivery experience service average quality price
507,890,4,4,39,Mobile,34,1,1,excellent experience service value bad poor
508,874,1,9,9,Web,138,0,0,excellent average design price performance value
509,688,4,9,34,Web,170,1,1,design performance service price product value
510,487,2,7,3,Mobile,29,0,1,fantastic delivery performance product quality average
511,332,4,17,31,Mobile,260,0,0,price performance experience service bad average
512,348,1,17,48,Web,100,0,0,performance fantastic delivery excellent price poor
513,134,1,7,42,Web,300,1,0,experience service support fantastic average excellent
514,487,3,10,16,Web,6,1,0,bad value poor design service experience
515,266,2,13,2,Mobile,119,0,1,fantastic product performance value delivery poor
516,300,2,12,37,Web,77,0,0,experience design fantastic quality bad performance
517,656,2,3,34,Web,33,1,1,experience product performance price delivery quality
518,862,1,17,34,Web,207,1,0,experience support poor quality fantastic value
519,458,5,18,12,Web,286,0,0,excellent bad average value performance design
520,253,3,20,12,Web,203,0,0,experience product value performance poor quality
521,260,4,18,44,Web,60,0,1,value poor service price quality performance
522,980,1,11,17,Mobile,168,0,0,bad value fantastic poor design delivery
523,338,5,12,42,Web,5,0,1,price delivery experience service product value
524,708,5,9,24,Web,273,0,1,experience delivery service design support quality
525,628,1,6,46,Mobile,125,1,0,service fantastic value design performance support
526,455,5,19,32,Mobile,252,0,0,product average excellent quality poor bad
527,716,2,5,35,Web,163,1,1,value design fantastic delivery performance quality
528,132,5,7,26,Mobile,71,0,1,design quality performance excellent price delivery
529,443,1,15,43,Mobile,162,0,0,experience price performance quality design average
530,203,2,2,28,Mobile,79,1,1,value fantastic excellent performance support delivery
531,890,3,5,39,Web,25,0,0,poor quality service performance support bad
532,463,1,5,27,Web,34,0,1,experience product average service performance delivery
533,550,5,4,18,Mobile,146,0,1,poor price value delivery support service
534,906,4,4,11,Mobile,203,0,0,experience delivery performance fantastic product value
535,601,4,19,13,Mobile,94,1,1,performance bad price average service design
536,969,2,17,30,Mobile,15,0,1,quality performance experience average delivery poor
537,219,5,2,25,Mobile,144,0,0,bad delivery performance excellent product average
538,723,4,17,5,Mobile,237,0,1,poor support delivery performance bad service
539,837,1,10,31,Mobile,111,0,0,price product delivery performance average support
540,990,3,10,18,Web,225,1,1,support service excellent performance price fantastic
541,288,5,16,16,Mobile,64,1,1,poor product quality excellent price service
542,353,2,5,26,Mobile,19,1,0,quality poor bad price performance delivery
543,544,2,10,1,Mobile,140,0,0,value design fantastic delivery average bad
544,115,5,19,18,Web,85,0,0,experience bad price poor support excellent
545,798,4,4,31,Web,201,0,1,experience service poor value bad support
546,962,3,18,41,Mobile,293,0,1,bad fantastic delivery performance design price
547,176,5,14,5,Mobile,65,1,1,bad excellent product support design service
548,633,3,20,43,Web,31,0,1,support excellent fantastic service quality performance
549,318,2,17,34,Mobile,69,1,0,poor bad average service performance price
550,521,1,1,12,Mobile,71,0,0,price support poor quality fantastic average
551,541,5,8,50,Mobile,282,0,1,product service fantastic average excellent design
552,377,4,6,11,Mobile,162,0,1,price design excellent poor quality service
553,431,1,9,2,Web,225,0,1,quality bad performance support price service
554,620,2,19,1,Web,250,1,0,average performance excellent experience design support
555,983,1,18,11,Web,89,0,0,quality experience fantastic poor delivery design
556,423,1,16,36,Web,102,1,0,value product price performance support delivery
557,876,3,13,11,Web,105,0,0,bad experience delivery product price poor
558,324,3,9,33,Mobile,129,1,0,fantastic performance poor price delivery excellent
559,971,4,8,16,Web,111,1,1,support fantastic performance excellent experience average
560,362,4,4,3,Mobile,32,0,0,service delivery excellent bad product experience
561,547,1,14,12,Mobile,198,0,1,average price experience delivery design bad
562,455,2,3,5,Mobile,136,1,1,product poor quality price service delivery
563,542,2,13,33,Web,10,0,1,price value quality fantastic product performance
564,759,4,11,42,Mobile,279,0,1,average experience value design quality support
565,682,5,3,12,Web,78,0,1,price average experience design performance bad
566,692,1,11,10,Web,230,1,1,support experience bad average value service
567,669,1,3,8,Web,169,0,1,quality excellent bad price average service
568,532,4,5,36,Mobile,184,1,1,bad poor fantastic excellent price delivery
569,840,4,16,3,Mobile,12,1,0,quality product average delivery support fantastic
570,271,2,13,29,Web,17,1,1,excellent experience performance service bad value
571,663,3,6,22,Mobile,193,1,0,quality fantastic bad performance value average
572,570,1,12,38,Web,164,1,0,performance excellent support service design experience
573,547,1,11,30,Mobile,108,0,1,support quality product price average design
574,627,4,15,48,Web,294,0,1,price fantastic design quality experience delivery
575,999,5,19,35,Web,236,0,0,excellent design performance experience average support
576,235,5,10,45,Mobile,244,1,1,design product support experience quality price
577,668,4,13,39,Mobile,282,0,1,support service design fantastic value product
578,669,4,18,34,Mobile,267,0,0,experience price average performance design excellent
579,956,1,15,22,Web,55,1,1,support design average quality price experience
580,459,3,19,50,Web,46,1,0,support fantastic design service excellent experience
581,373,4,8,5,Web,114,1,0,delivery design poor performance excellent service
582,340,5,12,48,Web,283,0,1,support design delivery performance experience excellent
583,354,3,20,8,Mobile,214,1,1,product service bad poor design fantastic
584,526,5,6,18,Web,58,0,0,bad value excellent design product performance
585,336,5,7,25,Web,170,1,1,poor service product support performance delivery
586,297,3,15,3,Mobile,99,1,1,performance value design delivery excellent quality
587,289,4,9,49,Web,128,1,0,poor delivery average excellent experience price
588,600,3,8,29,Web,116,1,0,performance bad fantastic product design excellent
589,211,4,11,37,Web,21,0,1,fantastic value average price support performance
590,999,5,1,40,Mobile,179,0,0,quality poor delivery price value excellent
591,237,4,19,24,Mobile,123,0,1,product value service delivery excellent performance
592,183,4,6,50,Web,111,1,0,product design bad delivery average poor
593,434,4,6,13,Mobile,29,0,0,quality service poor experience product average
594,735,2,3,42,Mobile,200,1,0,product price quality support fantastic performance
595,496,3,1,22,Web,191,0,1,experience delivery average value fantastic performance
596,899,4,2,11,Web,32,1,1,price poor product fantastic support bad
597,455,5,9,37,Mobile,205,0,1,value product fantastic service average support
598,279,4,12,22,Web,20,1,1,bad price delivery support fantastic excellent
599,710,4,14,14,Web,62,1,1,service average excellent experience performance support
600,877,1,20,8,Web,204,0,1,service quality excellent fantastic bad price
601,710,4,18,39,Mobile,125,0,1,price delivery service product value fantastic
602,669,4,20,20,Web,10,0,0,excellent value design fantastic poor quality
603,505,5,9,12,Mobile,204,1,1,service product poor design performance experience
604,999,3,19,29,Mobile,269,0,1,delivery fantastic design value service excellent
605,169,2,13,10,Web,70,1,0,excellent poor experience service design delivery
606,702,5,10,25,Mobile,217,1,1,average performance delivery experience fantastic service
607,502,5,6,34,Web,22,1,1,service delivery product bad excellent experience
608,586,1,10,41,Mobile,257,0,1,performance excellent design fantastic poor price
609,350,2,16,14,Web,134,0,1,price average support experience bad delivery
610,125,3,2,32,Web,173,1,1,bad value support design service quality
611,214,4,11,9,Web,120,1,0,poor delivery product experience service bad
612,435,3,15,40,Web,224,1,1,design poor bad quality excellent fantastic
613,622,4,19,25,Web,185,0,1,product fantastic design bad average experience
614,656,1,1,30,Web,36,1,0,fantastic value delivery performance average bad
615,316,5,5,38,Web,218,0,1,bad fantastic value average quality delivery
616,747,5,14,48,Mobile,2,1,1,design service excellent value delivery performance
617,990,4,7,49,Web,20,0,1,price experience product value fantastic support
618,570,5,7,17,Web,125,1,0,experience product excellent service poor delivery
619,974,1,13,42,Mobile,115,1,0,experience bad average quality delivery performance
620,398,4,20,30,Web,259,1,1,product bad average value excellent price
621,668,5,6,34,Web,127,1,1,bad quality experience design fantastic delivery
622,345,4,11,9,Web,165,0,0,average value product design delivery experience
623,732,1,15,21,Web,295,0,0,bad average value fantastic excellent support
624,327,5,9,22,Web,142,1,1,fantastic poor excellent product value experience
625,233,5,3,28,Mobile,89,1,1,poor product design support excellent quality
626,368,5,20,26,Web,259,1,1,fantastic service product average experience quality
627,914,4,10,3,Mobile,74,0,1,quality fantastic bad service design value
628,453,4,15,6,Mobile,230,1,0,excellent poor value service product design
629,196,3,6,8,Web,164,1,0,support design service quality performance fantastic
630,527,2,17,20,Web,92,1,1,experience average bad product service price
631,468,2,12,2,Web,4,1,0,product service fantastic average excellent experience
632,527,2,10,49,Mobile,199,0,1,performance fantastic support quality design average
633,842,4,13,31,Web,77,0,1,bad product excellent value experience fantastic
634,845,4,6,8,Web,296,1,0,quality price excellent fantastic design bad
635,973,2,16,30,Mobile,91,0,0,experience product price quality value fantastic
636,770,2,13,10,Mobile,70,1,0,fantastic service experience product bad poor
637,378,5,12,49,Mobile,218,1,0,design performance bad service quality delivery
638,280,1,19,18,Mobile,186,1,1,price delivery average poor service excellent
639,776,2,20,29,Mobile,234,1,1,fantastic support price excellent product design
640,955,3,12,26,Mobile,40,0,0,price value fantastic excellent average service
641,650,5,12,17,Mobile,180,0,1,service design fantastic bad excellent support
642,276,3,5,16,Web,68,0,1,price performance excellent delivery design service
643,543,3,9,30,Web,200,0,1,price product delivery fantastic performance support
644,876,2,14,32,Web,57,0,1,experience quality performance delivery bad excellent
645,452,3,8,34,Mobile,241,0,1,value fantastic excellent quality delivery average
646,676,1,6,30,Mobile,43,0,1,quality average excellent bad support performance
647,902,2,9,31,Mobile,198,1,0,price bad excellent quality service experience
648,733,1,11,2,Web,288,1,0,price support delivery excellent product service
649,214,3,15,37,Web,41,0,1,service value delivery design bad quality
650,572,3,16,45,Mobile,274,1,1,support fantastic experience quality performance product
651,818,1,14,6,Web,168,1,0,poor support quality fantastic service experience
652,318,3,20,50,Web,297,0,1,poor design value average experience price
653,957,5,13,23,Mobile,179,1,0,poor quality fantastic bad service design
654,342,1,6,35,Web,283,0,0,experience support design service performance value
655,723,4,11,3,Web,158,0,0,average experience price excellent delivery product
656,201,1,11,1,Mobile,184,0,0,average experience performance design value poor
657,584,3,8,35,Mobile,197,1,0,performance experience fantastic average quality excellent
658,632,2,17,24,Mobile,250,1,1,value delivery poor average excellent support
659,288,5,15,36,Web,192,0,1,performance excellent average price fantastic poor
660,635,1,17,33,Web,230,1,0,support average excellent design fantastic experience
661,600,3,18,36,Mobile,111,1,0,bad fantastic delivery excellent performance service
662,695,2,14,1,Web,112,1,1,delivery bad price support product performance
663,607,4,2,8,Web,166,0,1,bad value design poor excellent support
664,444,3,15,31,Mobile,5,1,0,average quality performance delivery value support
665,110,5,5,50,Mobile,250,1,1,value price delivery bad performance experience
666,883,4,15,16,Web,34,1,0,experience delivery service support product value
667,325,5,17,14,Mobile,284,0,1,bad performance excellent poor support quality
668,409,2,18,34,Web,121,0,1,bad service poor average fantastic experience
669,300,5,1,3,Web,69,1,0,design bad value service performance experience
670,395,1,9,22,Mobile,28,0,1,quality support fantastic poor performance design
671,384,5,3,33,Web,167,0,1,price experience product support excellent bad
672,775,3,15,49,Web,163,1,1,delivery average value fantastic support design
673,993,4,13,8,Web,91,1,0,performance support product quality poor service
674,113,5,7,44,Mobile,44,1,0,design fantastic performance service bad excellent
675,266,1,3,31,Web,57,0,0,experience service price fantastic poor average
676,243,1,1,9,Mobile,116,1,0,fantastic poor service bad delivery value
677,679,1,15,49,Web,15,1,1,excellent average support value fantastic performance
678,930,1,5,12,Web,196,0,0,bad support performance design quality experience
679,601,1,3,37,Mobile,300,0,1,delivery excellent poor bad quality product
680,424,2,15,27,Web,32,0,0,value performance delivery product design quality
681,204,5,4,35,Mobile,246,0,1,product quality delivery support excellent poor
682,952,1,18,45,Mobile,98,0,1,design performance bad price experience service
683,682,4,9,7,Web,191,1,0,fantastic average bad performance design price
684,172,2,7,13,Web,192,1,1,price quality bad design fantastic average
685,545,1,5,50,Web,265,1,1,performance value excellent design product support
686,565,1,18,29,Web,98,0,1,value design average delivery price product
687,935,1,14,6,Web,132,1,1,price poor average experience product service
688,160,1,7,7,Web,101,0,0,quality service average bad support experience
689,669,1,5,20,Mobile,119,0,0,value poor price service performance quality
690,248,1,4,37,Mobile,164,1,0,design price poor product experience value
691,317,3,20,13,Mobile,174,1,1,performance average excellent bad experience delivery
692,647,2,3,27,Web,187,0,0,support bad product performance experience average
693,363,2,5,19,Mobile,102,1,1,product fantastic price average service delivery
694,809,5,1,43,Web,53,1,1,price product poor value experience excellent
695,786,1,17,1,Web,191,1,0,fantastic experience price support value quality
696,256,3,18,8,Web,155,0,0,support poor design value product excellent
697,429,1,18,43,Web,33,1,1,service quality bad excellent fantastic value
698,154,1,13,12,Web,114,0,0,service fantastic support product quality experience
699,387,5,8,46,Mobile,154,0,0,excellent poor product service price delivery
700,320,2,18,50,Mobile,166,1,1,fantastic excellent performance service bad product
701,464,4,5,32,Web,89,1,1,experience fantastic performance average excellent support
702,695,5,18,29,Mobile,99,0,1,design average price service performance fantastic
703,769,3,10,29,Web,155,0,0,bad support excellent design price experience
704,971,3,1,47,Web,234,1,0,quality bad performance delivery product average
705,479,1,8,6,Mobile,145,0,0,poor excellent product value bad delivery
706,727,4,17,17,Web,14,1,1,delivery quality experience support average value
707,861,3,17,16,Mobile,132,0,1,bad product performance excellent design support
708,963,2,5,45,Mobile,249,1,1,product excellent fantastic average design support
709,368,4,1,2,Mobile,169,1,0,delivery product service poor performance bad
710,295,3,4,23,Mobile,109,1,1,product support value excellent poor price
711,578,3,11,37,Web,199,1,0,performance price experience poor quality average
712,918,3,17,17,Web,228,1,1,support poor performance average service delivery
713,665,2,5,10,Mobile,159,1,1,excellent price poor performance average product
714,183,3,19,39,Mobile,160,1,0,delivery average bad price service fantastic
715,424,2,11,41,Web,256,1,0,performance quality service experience average delivery
716,377,1,9,31,Web,2,1,1,design service excellent support delivery value
717,955,3,15,42,Web,103,0,1,performance poor product support delivery fantastic
718,319,2,13,24,Web,254,1,0,average design excellent experience fantastic service
719,360,2,3,1,Web,282,0,0,support value quality service fantastic design
720,179,1,4,21,Web,263,1,0,bad poor product design fantastic price
721,159,4,8,17,Web,100,1,0,product delivery support performance bad quality
722,305,1,6,40,Mobile,53,1,0,value fantastic service performance poor experience
723,229,1,3,11,Mobile,283,0,0,quality service fantastic experience support price
724,407,3,18,6,Web,275,0,0,design average quality poor value fantastic
725,659,3,16,6,Web,10,0,1,delivery poor bad price experience design
726,938,3,6,21,Web,10,0,1,product quality price excellent design performance
727,776,4,9,19,Mobile,94,1,1,value quality product fantastic delivery support
728,615,4,20,25,Web,2,0,1,excellent poor bad product experience service
729,184,1,12,5,Mobile,51,1,1,quality service experience support price performance
730,224,3,15,47,Web,13,0,0,product value quality service price fantastic
731,461,2,13,14,Mobile,289,1,0,experience price value quality design excellent
732,757,5,17,46,Web,227,1,0,delivery experience average fantastic product price
733,479,5,15,24,Web,1,1,1,bad product price support average quality
734,304,4,8,27,Web,208,0,1,average fantastic performance excellent value delivery
735,955,3,13,49,Web,247,1,1,design service delivery performance support quality
736,316,3,11,2,Web,223,1,1,delivery average bad fantastic experience product
737,437,5,9,34,Web,162,1,0,fantastic quality value product bad service
738,851,1,6,8,Mobile,238,1,1,bad price delivery quality experience average
739,716,2,11,31,Mobile,234,0,1,excellent bad average product performance value
740,656,2,19,47,Web,296,1,0,fantastic delivery poor quality value experience
741,877,4,9,33,Web,126,0,1,support value fantastic experience excellent price
742,100,1,12,21,Mobile,183,1,0,design fantastic service value poor experience
743,616,5,16,30,Web,117,1,0,design performance fantastic service experience poor
744,350,4,16,14,Web,88,1,1,support poor design excellent price service
745,340,2,7,3,Web,180,0,1,quality value average excellent product price
746,108,5,14,38,Mobile,182,1,1,quality product service fantastic average performance
747,494,5,17,17,Mobile,111,0,0,bad product service poor support value
748,275,4,5,41,Web,121,0,1,delivery product design value bad service
749,381,2,9,34,Web,82,0,1,poor product support service excellent delivery
750,145,1,6,15,Web,42,0,1,bad excellent value delivery average fantastic
751,452,4,20,3,Mobile,5,1,0,price fantastic poor delivery quality support
752,325,2,2,48,Mobile,95,0,1,delivery bad support service excellent experience
753,169,2,10,44,Web,16,1,0,price experience fantastic service average support
754,779,4,5,30,Mobile,170,0,1,product service performance delivery fantastic value
755,560,5,18,39,Web,151,1,0,fantastic bad support delivery service experience
756,250,1,4,12,Mobile,156,0,1,fantastic design poor service bad delivery
757,572,4,13,2,Web,52,1,0,delivery average performance fantastic quality support
758,964,3,15,48,Web,120,1,0,performance fantastic bad quality service excellent
759,303,2,11,26,Web,69,0,0,value experience excellent support product average
760,653,3,1,30,Mobile,275,0,1,bad price quality value support delivery
761,527,4,19,15,Web,71,1,0,service quality product excellent design value
762,410,4,6,49,Web,183,1,1,bad average delivery excellent experience fantastic
763,272,4,4,35,Mobile,127,1,1,design poor value excellent fantastic performance
764,120,5,8,3,Web,121,0,0,fantastic poor delivery value experience quality
765,405,4,7,37,Mobile,275,0,1,average bad experience service excellent quality
766,891,5,11,5,Mobile,121,1,0,bad poor design support performance experience
767,752,1,18,46,Web,282,1,0,design service product support fantastic quality
768,691,3,7,9,Mobile,243,1,0,experience support average service excellent poor
769,150,2,2,40,Mobile,282,1,1,service average excellent design poor support
770,623,3,15,15,Web,39,1,1,price design product support service value
771,329,2,20,19,Web,205,1,0,product fantastic value support average experience
772,456,1,1,49,Mobile,87,0,0,excellent quality performance product fantastic experience
773,882,4,2,34,Mobile,98,0,1,price design value average fantastic delivery
774,150,4,4,30,Mobile,116,0,1,price fantastic poor delivery excellent service
775,900,3,13,15,Mobile,212,0,0,price product delivery bad excellent poor
776,881,5,14,29,Web,92,1,1,fantastic value price design experience service
777,204,1,14,30,Mobile,267,0,1,service bad delivery performance design quality
778,572,4,14,44,Web,93,1,1,performance price quality value average experience
779,374,3,12,49,Web,40,1,1,excellent quality fantastic service support value
780,914,4,19,32,Web,194,0,0,experience design average fantastic bad value
781,174,5,1,24,Web,4,1,1,value poor product fantastic quality price
782,566,1,12,43,Mobile,83,1,1,service bad support average fantastic value
783,437,4,18,18,Mobile,233,1,0,service performance design product experience bad
784,863,2,20,3,Mobile,178,0,1,bad excellent quality value product average
785,894,2,2,35,Mobile,54,1,1,quality support excellent value service fantastic
786,868,4,12,33,Mobile,157,1,0,value price product bad service average
787,112,5,16,5,Mobile,211,0,1,excellent delivery experience average poor product
788,594,5,6,29,Web,57,1,0,price average fantastic product value quality
789,742,2,3,21,Mobile,42,0,1,price product quality fantastic bad delivery
790,852,2,11,47,Mobile,53,1,1,service performance support product design fantastic
791,949,1,7,1,Mobile,6,1,1,performance poor delivery price design product
792,809,1,5,19,Mobile,49,0,0,fantastic experience average bad value support
793,538,3,5,1,Mobile,64,1,1,design bad experience delivery quality poor
794,525,5,8,4,Web,7,1,0,quality experience average poor design bad
795,365,4,3,42,Web,263,0,1,excellent bad service design poor fantastic
796,721,3,18,7,Mobile,149,1,0,average experience poor design fantastic service
797,471,4,10,3,Web,289,1,0,bad average service fantastic design quality
798,669,1,7,7,Web,66,1,1,support product average delivery excellent poor
799,330,1,17,18,Web,253,1,0,service excellent fantastic poor design support
800,718,1,19,17,Mobile,109,0,1,price performance experience poor average delivery
801,935,3,5,27,Web,156,0,1,support fantastic service value poor performance
802,122,1,6,32,Web,21,1,0,service excellent price poor quality experience
803,533,4,18,24,Mobile,5,0,1,service quality product excellent average price
804,328,4,7,23,Web,148,1,0,delivery poor excellent bad performance fantastic
805,138,3,9,35,Web,237,0,0,design experience quality performance price average
806,837,1,18,27,Web,85,1,0,price delivery quality bad service fantastic
807,306,4,7,28,Web,247,1,0,delivery fantastic service design bad support
808,641,3,15,14,Mobile,27,1,0,excellent design product delivery support poor
809,439,3,15,27,Mobile,294,1,0,design bad excellent price poor service
810,123,1,9,7,Web,166,0,1,price design product fantastic excellent value
811,152,2,7,34,Web,26,1,0,value experience quality support delivery poor
812,416,4,10,25,Mobile,154,1,1,service quality bad support delivery experience
813,266,1,7,40,Mobile,267,1,1,quality value experience service average fantastic
814,341,4,3,18,Web,62,0,0,excellent quality average delivery experience support
815,241,2,6,29,Web,296,1,0,excellent fantastic quality support delivery bad
816,379,5,6,16,Mobile,123,0,0,average product quality fantastic support delivery
817,159,1,14,37,Mobile,243,1,0,average poor support experience fantastic price
818,619,5,1,14,Web,46,0,1,excellent support design quality value bad
819,572,1,15,11,Web,67,1,1,experience fantastic support poor delivery service
820,526,5,12,1,Mobile,46,0,1,price product average service value delivery
821,339,1,17,15,Web,18,0,0,delivery support price bad experience poor
822,521,2,14,32,Mobile,182,0,0,design delivery excellent fantastic bad performance
823,337,5,19,47,Web,43,0,0,product quality excellent bad value support
824,814,4,7,44,Mobile,291,0,0,product bad design poor excellent service
825,646,4,7,6,Mobile,46,1,0,performance experience value support fantastic delivery
826,116,1,1,43,Mobile,287,0,0,support bad experience average fantastic excellent
827,504,2,13,2,Web,55,1,0,value experience product design average service
828,651,3,14,42,Mobile,44,0,1,bad delivery experience average service quality
829,885,3,3,31,Web,78,0,1,product delivery excellent value design quality
830,633,1,4,28,Mobile,267,0,1,poor bad price experience average delivery
831,949,3,18,19,Mobile,239,0,1,experience average fantastic product support performance
832,657,2,7,31,Mobile,99,0,0,bad fantastic performance excellent product service
833,331,1,18,16,Web,64,1,0,support fantastic design value excellent service
834,181,1,7,29,Web,131,0,1,value average quality design experience service
835,707,2,11,40,Mobile,134,1,0,design poor bad experience performance fantastic
836,469,1,15,47,Web,122,1,0,support value price excellent performance average
837,915,4,14,21,Web,288,0,1,experience poor fantastic support design price
838,278,1,15,29,Web,196,0,1,excellent experience design price service delivery
839,532,2,14,2,Web,127,1,1,bad delivery product support value price
840,536,4,9,12,Mobile,287,1,1,design delivery support fantastic excellent quality
841,264,3,6,47,Mobile,49,1,0,product fantastic experience quality bad value
842,301,3,20,3,Mobile,216,1,1,quality performance price poor service experience
843,897,3,11,5,Web,239,1,1,average performance experience price service value
844,278,5,4,43,Mobile,85,0,0,price product fantastic value quality service
845,728,5,9,35,Web,6,0,0,quality support product fantastic excellent delivery
846,169,2,11,4,Mobile,227,0,1,performance bad experience poor value fantastic
847,988,4,19,32,Mobile,229,0,1,fantastic value product service bad experience
848,554,3,2,23,Web,225,0,0,average delivery experience product service fantastic
849,178,3,11,19,Web,133,1,0,quality design experience product price support
850,782,4,10,32,Web,261,1,1,experience product service fantastic price performance
851,138,4,5,38,Mobile,195,0,1,service quality product delivery excellent average
852,998,2,18,50,Web,116,0,0,fantastic performance value quality design price
853,286,4,14,49,Web,145,0,0,design experience service support average performance
854,603,4,16,2,Mobile,142,1,1,product price excellent bad average design
855,708,4,12,9,Mobile,214,1,1,design performance value experience price bad
856,748,2,2,47,Mobile,91,1,1,product value service quality support price
857,686,4,17,37,Mobile,94,1,1,experience excellent product service poor delivery
858,697,1,2,6,Web,82,0,0,value support delivery product experience poor
859,461,1,1,37,Mobile,35,1,1,performance delivery support bad product quality
860,320,5,19,16,Mobile,149,0,1,excellent product value performance design experience
861,663,1,16,27,Mobile,94,1,1,support delivery average bad poor price
862,757,4,20,48,Mobile,221,1,1,delivery price product value excellent experience
863,272,1,6,38,Mobile,265,0,0,fantastic excellent delivery design average quality
864,104,4,17,10,Web,108,1,1,price design fantastic delivery bad average
865,505,4,6,41,Web,136,0,1,delivery value service excellent support average
866,430,4,5,34,Web,205,0,1,quality bad design experience fantastic poor
867,193,1,9,6,Web,237,1,1,price excellent support poor performance value
868,721,2,18,8,Web,50,0,0,fantastic service experience design price support
869,659,3,1,39,Mobile,258,0,0,support price value poor average excellent
870,711,4,3,1,Mobile,270,1,1,average excellent poor value support delivery
871,730,1,19,48,Web,147,1,0,experience support performance design delivery poor
872,404,2,13,18,Web,171,1,0,product delivery bad price excellent design
873,505,2,4,41,Web,15,0,1,price support experience excellent quality average
874,208,2,13,6,Web,88,1,0,service value price product quality bad
875,277,1,14,21,Web,280,0,0,fantastic delivery excellent experience performance design
876,860,3,17,28,Web,210,1,1,product performance support fantastic delivery design
877,125,3,6,38,Web,207,1,0,poor support experience value performance average
878,215,5,3,3,Mobile,108,0,1,product average support delivery price fantastic
879,380,5,9,33,Web,141,1,0,delivery bad quality value performance service
880,346,4,14,8,Web,184,0,1,average poor quality excellent support price
881,830,4,12,14,Web,294,0,1,support performance poor design value fantastic
882,263,3,6,47,Mobile,118,0,0,support poor average performance service product
883,612,5,20,31,Web,169,1,0,bad performance average fantastic poor experience
884,400,2,19,45,Mobile,60,0,1,quality price support fantastic value delivery
885,708,3,9,28,Mobile,78,1,0,average service excellent performance quality fantastic
886,880,2,15,25,Mobile,83,0,0,design performance experience fantastic quality price
887,168,3,9,10,Web,60,0,1,delivery design support excellent value product
888,436,1,12,43,Mobile,276,0,1,excellent delivery experience fantastic quality average
889,245,3,6,22,Mobile,77,1,1,design excellent average bad product experience
890,886,5,9,27,Web,39,0,1,excellent fantastic experience performance support product
891,668,3,4,13,Web,2,0,1,service product bad excellent value poor
892,412,2,17,50,Mobile,59,0,0,design poor product price excellent performance
893,893,3,12,48,Mobile,213,1,0,service support bad delivery experience average
894,959,3,16,31,Web,21,0,1,value design service performance quality product
895,366,1,15,22,Mobile,130,1,1,fantastic experience service product support performance
896,117,4,11,23,Web,47,1,0,average poor support service delivery product
897,770,4,14,27,Mobile,9,1,1,poor value price delivery performance fantastic
898,948,3,19,33,Web,174,1,0,average fantastic service poor product design
899,615,3,1,11,Mobile,231,0,0,product value design average delivery performance
900,939,1,13,5,Web,92,0,0,service support product price average fantastic
901,772,1,9,7,Web,170,0,0,bad product poor design delivery excellent
902,747,5,4,5,Mobile,252,0,1,design product service price experience excellent
903,612,2,4,26,Web,109,1,1,delivery product quality value performance poor
904,315,4,6,34,Mobile,97,1,0,product support bad average service poor
905,965,1,16,1,Web,16,1,0,quality price average product performance design
906,528,5,17,48,Web,6,0,1,quality bad price fantastic support service
907,308,2,19,32,Web,228,1,1,product fantastic excellent quality average poor
908,273,3,10,30,Web,297,1,1,experience quality poor product delivery performance
909,456,2,20,17,Mobile,145,0,1,product service fantastic average price design
910,449,3,17,3,Web,167,1,0,quality performance support poor bad average
911,378,4,3,35,Web,165,1,1,fantastic design product support service average
912,838,1,4,26,Mobile,210,0,1,excellent product experience performance average fantastic
913,754,4,3,29,Mobile,294,0,1,delivery design fantastic performance excellent experience
914,387,1,9,17,Mobile,128,1,0,quality bad delivery support value design
915,778,2,18,16,Web,70,0,1,experience fantastic price service bad product
916,330,4,19,17,Web,285,1,0,delivery bad poor excellent service fantastic
917,645,2,11,7,Web,212,0,1,product value bad excellent poor quality
918,562,4,4,15,Mobile,126,1,1,poor experience excellent product performance design
919,703,4,19,18,Web,239,1,0,delivery value bad experience excellent product
920,275,1,11,19,Mobile,51,1,1,quality price product support excellent performance
921,493,3,10,45,Web,105,0,1,design support product poor experience price
922,604,4,1,16,Web,248,0,0,experience fantastic value support performance delivery
923,896,4,3,46,Mobile,71,0,0,support product service quality bad value
924,536,1,9,6,Web,183,1,0,average bad value product excellent design
925,359,1,16,30,Mobile,128,0,1,bad average performance value design fantastic
926,806,5,2,38,Mobile,78,1,1,performance delivery support excellent design bad
927,444,5,10,40,Web,12,0,1,experience product bad price performance excellent
928,578,5,16,11,Mobile,231,1,1,product service experience fantastic price performance
929,971,5,6,18,Mobile,290,0,0,poor excellent experience product price value
930,519,5,12,30,Web,146,0,0,excellent value design quality performance price
931,280,2,3,27,Mobile,187,1,1,design poor value price support service
932,596,2,13,16,Web,90,0,1,quality poor delivery support value product
933,410,1,13,3,Mobile,284,1,0,delivery fantastic support product excellent service
934,618,1,10,38,Mobile,228,1,0,value service average support delivery performance
935,242,4,19,34,Mobile,203,1,0,performance average delivery fantastic price excellent
936,532,1,11,19,Web,115,0,0,quality design product price delivery poor
937,319,1,19,17,Web,30,0,0,experience average product design fantastic performance
938,836,5,13,11,Web,87,1,0,bad price fantastic design average service
939,957,2,17,5,Web,11,0,1,product value design poor delivery service
940,964,3,14,40,Mobile,110,1,0,fantastic delivery excellent support poor quality
941,872,3,18,36,Mobile,239,1,1,product excellent average support bad delivery
942,420,4,16,29,Web,155,0,0,delivery support design product performance service
943,116,3,7,12,Web,30,1,1,average excellent bad experience value product
944,720,4,1,41,Web,31,0,0,bad value performance support average poor
945,895,1,15,2,Mobile,216,1,0,fantastic support design experience bad performance
946,517,4,18,9,Mobile,154,0,1,product value performance average excellent experience
947,393,5,4,5,Mobile,64,1,0,bad delivery experience performance service value
948,309,3,19,34,Web,278,1,0,experience value quality price delivery bad
949,693,5,11,16,Web,196,1,1,support design price excellent quality experience
950,808,3,9,44,Web,291,1,1,bad poor price excellent support average
951,754,1,18,42,Web,122,1,0,poor average price fantastic value delivery
952,219,3,17,9,Mobile,181,0,1,price service quality poor design product
953,486,3,4,28,Web,205,0,1,poor average product delivery price fantastic
954,749,1,18,45,Mobile,46,0,0,performance value fantastic excellent average experience
955,736,2,11,19,Web,165,1,1,average fantastic poor quality support bad
956,340,5,6,31,Web,169,1,0,support price service excellent poor performance
957,802,2,1,8,Web,166,0,1,experience delivery excellent quality bad poor
958,714,1,17,17,Web,18,1,1,support experience poor delivery service product
959,241,4,14,46,Mobile,149,1,1,support poor product average delivery experience
960,667,5,3,11,Mobile,266,1,0,delivery experience value average poor support
961,624,2,1,26,Mobile,281,0,0,product performance delivery excellent bad experience
962,549,4,5,13,Web,39,0,0,excellent support delivery value price product
963,601,2,20,12,Web,55,1,0,performance value product average design experience
964,818,5,1,22,Web,118,0,0,value experience quality fantastic excellent product
965,893,5,13,27,Mobile,143,1,0,poor quality excellent fantastic price experience
966,695,3,2,30,Mobile,20,1,1,average design service delivery price fantastic
967,186,4,16,13,Web,290,1,1,poor average delivery price design product
968,333,2,18,35,Mobile,230,1,0,delivery average design value performance bad
969,797,3,10,37,Web,115,1,0,product delivery performance design fantastic poor
970,401,1,10,46,Web,29,0,0,bad product poor delivery quality average
971,968,1,1,46,Mobile,2,1,0,delivery price design poor fantastic value
972,730,5,7,39,Web,238,1,0,support excellent poor fantastic design average
973,712,1,11,14,Mobile,143,1,0,quality service excellent product fantastic poor
974,602,3,13,42,Mobile,223,0,0,performance delivery product poor average experience
975,770,4,18,19,Web,175,1,1,delivery quality service experience price poor
976,561,2,13,36,Mobile,103,0,1,delivery performance poor bad average excellent
977,224,2,18,45,Web,162,0,1,service value delivery performance bad fantastic
978,177,3,11,16,Web,98,0,0,service quality average price performance product
979,607,4,9,41,Mobile,176,1,0,price excellent performance service quality experience
980,125,3,5,12,Web,107,0,1,support service average price value delivery
981,539,1,10,22,Web,233,1,0,bad value product experience service excellent
982,645,5,19,48,Web,230,1,0,performance excellent service price delivery support
983,262,1,6,5,Web,144,0,1,excellent poor bad delivery experience quality
984,854,4,11,9,Mobile,171,1,0,experience value service performance support quality
985,377,2,10,24,Web,80,1,1,service price excellent value support fantastic
986,260,3,5,18,Mobile,142,0,1,support bad fantastic excellent performance price
987,627,1,20,24,Mobile,108,0,1,average bad price experience product value
988,952,4,4,36,Mobile,70,0,1,performance service excellent price bad experience
989,513,1,20,5,Mobile,134,0,1,average delivery performance value support quality
990,143,4,11,38,Mobile,34,1,1,excellent delivery bad average quality experience
991,160,5,5,4,Web,2,0,1,performance poor excellent service design price
992,298,5,10,4,Mobile,2,1,0,poor delivery support design excellent product
993,414,2,14,14,Mobile,131,1,1,excellent support fantastic experience value bad
994,129,4,5,38,Mobile,15,0,1,fantastic performance average service design delivery
995,379,3,14,28,Mobile,288,0,1,price support experience average performance design
996,696,3,8,15,Web,243,1,0,support value service quality experience price
997,628,5,8,22,Mobile,154,1,1,performance service fantastic support price value
998,198,2,8,21,Web,98,0,0,support performance excellent poor value service
999,860,2,18,13,Web,185,1,1,excellent fantastic service price average experience
1000,833,4,18,27,Web,18,0,1,bad price service design quality delivery
